<?xml version="1.0" encoding="UTF-8"?>
<project-private xmlns="http://www.netbeans.org/ns/project-private/1">
    <editor-bookmarks xmlns="http://www.netbeans.org/ns/editor-bookmarks/2" lastBookmarkId="0"/>
    <open-files xmlns="http://www.netbeans.org/ns/projectui-open-files/2">
        <group>
            <file>file:/C:/Users/TE287185/Desktop/oa-tc6-lib-main_RevA/examples/noIP-PIC18-Curiosity-Nano/PIC18.X/mcc_generated_files/tmr1.c</file>
            <file>file:/C:/Users/TE287185/Desktop/oa-tc6-lib-main_RevA/examples/noIP-PIC18-Curiosity-Nano/PIC18.X/main.c</file>
        </group>
    </open-files>
</project-private>
